"index","position","effect"
2526,"1568258-1",-1.09950168846108
6121,"3688706-1",0.570139608371697
6833,"4043393-1",0.293317873964647
9888,"5801814-1",-0.594933154401295
10790,"6271989-1",0.27986111693424
11222,"6547899-1",-0.645482385949426
18018,"10471181-1",0.311676265761839
23193,"12974491-1",1.54000078728163
40541,"23945282-1",0.393653865856285
77258,"17547900-2",-0.252763223364585
84555,"2404179-3",0.846807545305079
86605,"3604005-3",1.55754562503196
115571,"18615891-3",-0.442497216670504
116796,"19332387-3",-0.296407931590167
119239,"20782613-3",0.174974183663055
122539,"22631066-3",-0.595519790070363
147094,"10485581-4",1.06383533743432
149772,"11765936-4",-0.934242619676162
167843,"3881817-5",-0.865716565421472
170879,"5649352-5",-1.10835483809326
